{
    "keep": {
        "days": false,
        "amount": 30
    },
    "auditLog": "debug\\.71ea7786fc509111e32b516f549d179d6cbbe631-audit.json",
    "files": [
        {
            "date": 1645399090523,
            "name": "debug\\2022-02-20.log",
            "hash": "55d14d40d03407683c49152657eaad66"
        },
        {
            "date": 1645430478805,
            "name": "debug\\2022-02-21.log",
            "hash": "210a30f5d05f052377a76aaab8047949"
        }
    ],
    "hashType": "md5"
}